Water the plants every morning,  
Call the dentist to schedule an appointment by Friday,  
Read a chapter of my book before bed,  
Clean the kitchen after dinner,  
Go for a run at 7 AM every weekday,  
Pick up groceries on the way home,  
Finish the report by end of day,  
Practice guitar for 30 minutes every evening,  
Send the client proposal by tomorrow,  
Take the dog for a walk every evening,  
Plan the weekend trip,  
Organize the closet this weekend,  
Write a blog post by next Monday,  
Attend the team meeting at 10 AM,  
Meditate for 10 minutes every morning,  
Pay the electricity bill by the 15th,  
Cook dinner at 6 PM,  
Study for the exam every night,  
Buy a birthday gift for Sarah by next week,  
Vacuum the living room every Saturday,  
Reply to emails before lunch,  
Go to the library after work,  
Complete the project draft by Friday,  
Stretch for 15 minutes every morning,  
Schedule a haircut for next week,  
Watch the new episode of my favorite show tonight,  
Clean out the fridge this weekend,  
Call mom every Sunday,  
Submit the application by the deadline,  
Take a yoga class every Wednesday,  
Pick up the dry cleaning before 5 PM,  
Write thank-you notes by tomorrow,  
Go to the farmer’s market every Saturday,  
Finish the presentation slides by Thursday,  
Walk to work every day,  
Plan the monthly budget by the end of the week,  
Bake cookies for the party,  
Practice Spanish for 20 minutes daily,  
Renew the gym membership by next month,  
Clean the car every other week,  
Meet with the accountant at 2 PM,  
Update the website content by Friday,  
Go to bed by 11 PM every night,  
Buy a new notebook for work,  
Take a break every hour while working,  
Visit the museum this weekend,  
Finish the book by next week,  
Do laundry every Sunday,  
Call the plumber to fix the sink,  
Go to the park every afternoon,  
Prepare for the interview by tomorrow,  
Write in the journal every night,  
Pay the internet bill by the 20th,  
Clean the bathroom every Friday,  
Attend the webinar at 3 PM,  
Plan the family dinner for next weekend,  
Go to the gym every Monday and Thursday,  
Submit the expense report by next Monday,  
Practice mindfulness for 10 minutes daily,  
Buy a new pair of shoes,  
Take the trash out every night,  
Finish the online course by next month,  
Go for a hike this weekend,  
Call the insurance company by Friday,  
Write the weekly newsletter by Thursday,  
Clean the windows every month,  
Meet with the team at 9 AM,  
Plan the vacation itinerary,  
Go to the dentist every six months,  
Buy groceries for the week,  
Finish the painting project by next weekend,  
Take a walk after lunch every day,  
Call the bank to update details,  
Organize the desk every Friday,  
Watch a movie tonight,  
Pay the credit card bill by the due date,  
Go to the yoga class at 6 PM,  
Clean the garage this weekend,  
Write the monthly report by the 25th,  
Practice coding for an hour every day,  
Buy a gift for the anniversary,  
Take the car for servicing next week,  
Go to the beach every summer,  
Finish the book club reading by next week,  
Call the vet for the dog’s checkup,  
Clean the backyard every month,  
Attend the conference at 8 AM,  
Plan the birthday party for next month,  
Go to the library every Saturday,  
Submit the grant application by the deadline,  
Practice piano for 30 minutes daily,  
Buy a new phone charger,  
Take the kids to the park every weekend,  
Finish the assignment by tomorrow,  
Go to the gym at 7 AM,  
Clean the kitchen every night,  
Call the landlord about the leak,  
Write the blog post by next Friday,  
Pay the rent by the first of the month,  
Go to the coffee shop every morning,  
Finish the report by end of day tomorrow,  
Practice meditation every evening,  
Buy a new laptop bag,  
Take the dog to the vet next week,  
Go to the park every Sunday,  
Submit the proposal by next Monday,  
Clean the carpets every three months,  
Attend the workshop at 11 AM,  
Plan the holiday decorations,  
Go to the gym every Tuesday and Thursday,  
Finish the presentation by next week,  
Practice French for 15 minutes daily,  
Buy a new pair of headphones,  
Take the trash out every morning,  
Finish the online certification by next month,  
Go for a bike ride this weekend,  
Call the doctor for the test results,  
Write the monthly newsletter by the 20th,  
Clean the attic every six months,  
Meet with the client at 1 PM,  
Plan the weekend getaway,  
Go to the dentist every year,  
Buy groceries for the month,  
Finish the DIY project by next weekend,  
Take a walk after dinner every day,  
Call the credit card company,  
Organize the pantry every month,  
Watch a documentary tonight,  
Pay the utility bill by the due date,  
Go to the yoga class at 5 PM,  
Clean the basement this weekend,  
Write the quarterly report by the 30th,  
Practice guitar for an hour every day,  
Buy a gift for the wedding,  
Take the car for an oil change next week,  
Go to the mountains every winter,  
Finish the book club reading by next month,  
Call the vet for the cat’s checkup,  
Clean the patio every month,  
Attend the seminar at 9 AM,  
Plan the baby shower for next month,  
Go to the library every Sunday,  
Submit the scholarship application by the deadline,  
Practice violin for 30 minutes daily,  
Buy a new water bottle,  
Take the kids to the zoo every weekend,  
Finish the project by next week,  
Go to the gym at 6 AM,  
Clean the bathroom every night,  
Call the repairman for the dishwasher,  
Write the article by next Thursday,  
Pay the mortgage by the first of the month,  
Go to the bakery every morning,  
Finish the report by end of day Friday,  
Practice yoga every morning,  
Buy a new backpack,  
Take the dog to the groomer next week,  
Go to the park every Saturday,  
Submit the grant proposal by next Monday,  
Clean the rugs every three months,  
Attend the lecture at 10 AM,  
Plan the holiday party,  
Go to the gym every Monday and Wednesday,  
Finish the presentation by next Friday,  
Practice Italian for 15 minutes daily,  
Buy a new pair of sunglasses,  
Take the trash out every evening,  
Finish the online course by next quarter,  
Go for a jog this weekend,  
Call the doctor for the prescription,  
Write the weekly newsletter by Wednesday,  
Clean the garage every six months,  
Meet with the team at 8 AM,  
Plan the summer vacation,  
Go to the dentist every six months,  
Buy groceries for the week,  
Finish the painting project by next month,  
Take a walk after breakfast every day,  
Call the bank to update information,  
Organize the closet every month,  
Watch a comedy show tonight,  
Pay the credit card bill by the due date,  
Go to the yoga class at 7 PM,  
Clean the attic this weekend,  
Write the annual report by the 31st,  
Practice piano for an hour every day,  
Buy a gift for the graduation,  
Take the car for maintenance next week,  
Go to the lake every summer,  
Finish the book club reading by next week,  
Call the vet for the rabbit’s checkup,  
Clean the deck every month,  
Attend the conference at 7 AM,  
Plan the anniversary celebration for next month,  
Go to the library every Saturday,  
Submit the application by the deadline,  
Practice cello for 30 minutes daily,  
Buy a new umbrella,  
Take the kids to the playground every weekend,  
Finish the assignment by next week,  
Go to the gym at 5 AM,  
Clean the kitchen every night,  
Call the plumber for the faucet,  
Write the blog post by next Wednesday,  
Pay the rent by the first of the month,  
Go to the coffee shop every morning,  
Finish the report by end of day tomorrow,  
Practice meditation every evening,  
Buy a new laptop sleeve,  
Take the dog to the vet next week,  
Go to the park every Sunday,  
Submit the proposal by next Monday,  
Clean the carpets every three months,  
Attend the workshop at 12 PM,  
Plan the holiday decorations,  
Go to the gym every Tuesday and Thursday,  
Finish the presentation by next week,  
Practice Spanish for 15 minutes daily,  
Buy a new pair of earbuds,  
Take the trash out every morning,  
Finish the online certification by next month,  
Go for a bike ride this weekend,  
Call the doctor for the test results,  
Write the monthly newsletter by the 20th,  
Clean the attic every six months,  
Meet with the client at 1 PM,  
Plan the weekend getaway,  
Go to the dentist every year,  
Buy groceries for the month,  
Finish the DIY project by next weekend,  
Take a walk after dinner every day,  
Call the credit card company,  
Organize the pantry every month,  
Watch a documentary tonight,  
Pay the utility bill by the due date,  
Go to the yoga class at 5 PM,  
Clean the basement this weekend,  
Write the quarterly report by the 30th,  
Practice guitar for an hour every day,  
Buy a gift for the wedding,  
Take the car for an oil change next week,  
Go to the mountains every winter,  
Finish the book club reading by next month,  
Call the vet for the cat’s checkup,  
Clean the patio every month,  
Attend the seminar at 9 AM,  
Plan the baby shower for next month,  
Go to the library every Sunday,  
Submit the scholarship application by the deadline,  
Practice violin for 30 minutes daily,  
Buy a new water bottle,  
Take the kids to the zoo every weekend,  
Finish the project by next week,  
Go to the gym at 6 AM,  
Clean the bathroom every night,  
Call the repairman for the dishwasher,  
Write the article by next Thursday,  
Pay the mortgage by the first of the month,  
Go to the bakery every morning,  
Finish the report by end of day Friday,  
Practice yoga every morning,  
Buy a new backpack,  
Take the dog to the groomer next week,  
Go to the park every Saturday,  
Submit the grant proposal by next Monday,  
Clean the rugs every three months,  
Attend the lecture at 10 AM,  
Plan the holiday party,  
Go to the gym every Monday and Wednesday,  
Finish the presentation by next Friday,  
Practice Italian for 15 minutes daily,  
Buy a new pair of sunglasses,  
Take the trash out every evening,  
Finish the online course by next quarter,  
Go for a jog this weekend,  
Call the doctor for the prescription,  
Write the weekly newsletter by Wednesday,  
Clean the garage every six months,  
Meet with the team at 8 AM,  
Plan the summer vacation,  
Go to the dentist every six months,  
Buy groceries for the week,  
Finish the painting project by next month,  
Take a walk after breakfast every day,  
Call the bank to update information,  
Organize the closet every month,  
Watch a comedy show tonight,  
Pay the credit card bill by the due date,  
Go to the yoga class at 7 PM,  
Clean the attic this weekend,  
Write the annual report by the 31st,  
Practice piano for an hour every day,  
Buy a gift for the graduation,  
Take the car for maintenance next week,  
Go to the lake every summer,  
Finish the book club reading by next week,  
Call the vet for the rabbit’s checkup,  
Clean the deck every month,  
Attend the conference at 7 AM,  
Plan the anniversary celebration for next month,  
Go to the library every Saturday,  
Submit the application by the deadline,  
Practice cello for 30 minutes daily,  
Buy a new umbrella,  
Take the kids to the playground every weekend,  
Finish the assignment by next week,  
Go to the gym at 5 AM,  
Clean the kitchen every night,  
Call the plumber for the faucet,  
Write the blog post by next Wednesday,  
Pay the rent by the first of the month,  
Go to the coffee shop every morning,  
Finish the report by end of day tomorrow,  
Practice meditation every evening,  
Buy a new laptop sleeve,  
Take the dog to the vet next week,  
Go to the park every Sunday,  
Submit the proposal by next Monday,  
Clean the carpets every three months,  
Attend the workshop at 12 PM,  
Plan the holiday decorations,  
Go to the gym every Tuesday and Thursday,  
Finish the presentation by next week,  
Practice Spanish for 15 minutes daily,  
Buy a new pair of earbuds,  
Take the trash out every morning,  
Finish the online certification by next month,  
Go for a bike ride this weekend,  
Call the doctor for the test results,  
Write the monthly newsletter by the 20th,  
Clean the attic every six months,  
Meet with the client at 1 PM,  
Plan the weekend getaway,  
Go to the dentist every year,  
Buy groceries for the month,  
Finish the DIY project by next weekend,  
Take a walk after dinner every day,  
Call the credit card company,  
Organize the pantry every month,  
Watch a documentary tonight,  
Pay the utility bill by the due date,  
Go to the yoga class at 5 PM,  
Clean the basement this weekend,  
Write the quarterly report by the 30th,  
Practice guitar for an hour every day,  
Buy a gift for the wedding,  
Take the car for an oil change next week,  
Go to the mountains every winter,  
Finish the book club reading by next month,  
Call the vet for the cat’s checkup,  
Clean the patio every month,  
Attend the seminar at 9 AM,  
Plan the baby shower for next month,  
Go to the library every Sunday,  
Submit the scholarship application by the deadline,  
Practice violin for 30 minutes daily,  
Buy a new water bottle,  
Take the kids to the zoo every weekend,  
Finish the project by next week,  
Go to the gym at 6 AM,  
Clean the bathroom every night,  
Call the repairman for the dishwasher,  
Write the article by next Thursday,  
Pay the mortgage by the first of the month,  
Go to the bakery every morning,  
Finish the report by end of day Friday,  
Practice yoga every morning,  
Buy a new backpack,  
Take the dog to the groomer next week,  
Go to the park every Saturday,  
Submit the grant proposal by next Monday,  
Clean the rugs every three months,  
Attend the lecture at 10 AM,  
Plan the holiday party,  
Go to the gym every Monday and Wednesday,  
Finish the presentation by next Friday,  
Practice Italian for 15 minutes daily,  
Buy a new pair of sunglasses,  
Take the trash out every evening,  
Finish the online course by next quarter,  
Go for a jog this weekend,  
Call the doctor for the prescription,  
Write the weekly newsletter by Wednesday,  
Clean the garage every six months,  
Meet with the team at 8 AM,  
Plan the summer vacation,  
Go to the dentist every six months,  
Buy groceries for the week,  
Finish the painting project by next month,  
Take a walk after breakfast every day,  
Call the bank to update information,  
Organize the closet every month,  
Watch a comedy show tonight,  
Pay the credit card bill by the due date,  
Go to the yoga class at 7 PM,  
Clean the attic this weekend,  
Write the annual report by the 31st,  
Practice piano for an hour every day,  
Buy a gift for the graduation,  
Take the car for maintenance next week,  
Go to the lake every summer,  
Finish the book club reading by next week,  
Call the vet for the rabbit’s checkup,  
Clean the deck every month,  
Attend the conference at 7 AM,  
Plan the anniversary celebration for next month,  
Go to the library every Saturday,  
Submit the application by the deadline,  
Practice cello for 30 minutes daily,  
Buy a new umbrella,  
Take the kids to the playground every weekend,  
Finish the assignment by next week,  
Go to the gym at 5 AM,  
Clean the kitchen every night,  
Call the plumber for the faucet,  
Write the blog post by next Wednesday,  
Pay the rent by the first of the month,  
Go to the coffee shop every morning,  
Finish the report by end of day tomorrow,  
Practice meditation every evening,  
Buy a new laptop sleeve,  
Take the dog to the vet next week, 